{"cameraMode":{"drawMode":0,"name":"Shaded","section":"Shading Mode"},"sceneLighting":true,"audioPlay":false,"sceneViewState":{"showFog":true,"showMaterialUpdate":false,"showSkybox":true,"showFlares":true,"showImageEffects":true,"showParticleSystems":true},"in2DMode":false,"pivot":{"x":-11.280339241027832,"y":0.091991126537323,"z":5.390389442443848},"rotation":{"x":-0.028028665110468866,"y":0.67055344581604,"z":-0.025363674387335779,"w":-0.7409021854400635},"size":3.3847672939300539,"orthographic":false}