{"cameraMode":{"drawMode":0,"name":"Shaded","section":"Shading Mode"},"sceneLighting":true,"audioPlay":false,"sceneViewState":{"showFog":true,"showMaterialUpdate":false,"showSkybox":true,"showFlares":true,"showImageEffects":true,"showParticleSystems":true},"in2DMode":false,"pivot":{"x":5.303533554077148,"y":4.815189361572266,"z":-6.372706413269043},"rotation":{"x":0.5049705505371094,"y":0.4219246804714203,"z":-0.3105027973651886,"w":0.6860533356666565},"size":4.739424228668213,"orthographic":false}