{"cameraMode":{"drawMode":0,"name":"Shaded","section":"Shading Mode"},"sceneLighting":true,"audioPlay":false,"sceneViewState":{"showFog":true,"showMaterialUpdate":false,"showSkybox":true,"showFlares":true,"showImageEffects":true,"showParticleSystems":true},"in2DMode":false,"pivot":{"x":-7.4456610679626469,"y":3.6674821376800539,"z":1.675023078918457},"rotation":{"x":0.007102817762643099,"y":-0.9923734068870544,"z":0.1018856093287468,"w":0.06918764114379883},"size":2.3211441040039064,"orthographic":false}