{"cameraMode":{"drawMode":0,"name":"Shaded","section":"Shading Mode"},"sceneLighting":false,"audioPlay":false,"sceneViewState":{"showFog":false,"showMaterialUpdate":false,"showSkybox":false,"showFlares":false,"showImageEffects":false,"showParticleSystems":false},"in2DMode":false,"pivot":{"x":3.616057872772217,"y":2.097440719604492,"z":12.39654541015625},"rotation":{"x":0.058348748832941058,"y":-0.06434767693281174,"z":0.0037574749439954759,"w":0.9962401986122131},"size":1.3253093957901,"orthographic":false}