{"cameraMode":{"drawMode":0,"name":"Shaded","section":"Shading Mode"},"sceneLighting":false,"audioPlay":false,"sceneViewState":{"showFog":true,"showMaterialUpdate":false,"showSkybox":false,"showFlares":false,"showImageEffects":false,"showParticleSystems":false},"in2DMode":false,"pivot":{"x":56.33303451538086,"y":-0.2746734619140625,"z":-22.322999954223634},"rotation":{"x":0.017114868387579919,"y":0.7223743796348572,"z":-0.023093124851584436,"w":0.691900908946991},"size":0.9969462156295776,"orthographic":false}