{"cameraMode":{"drawMode":0,"name":"Shaded","section":"Shading Mode"},"sceneLighting":false,"audioPlay":false,"sceneViewState":{"showFog":true,"showMaterialUpdate":false,"showSkybox":false,"showFlares":false,"showImageEffects":false,"showParticleSystems":false},"in2DMode":false,"pivot":{"x":48.66887664794922,"y":0.9865963459014893,"z":-25.322925567626954},"rotation":{"x":-0.20112138986587525,"y":-0.5394419431686401,"z":0.13492994010448457,"w":-0.807043194770813},"size":0.3942749500274658,"orthographic":false}