{"cameraMode":{"drawMode":0,"name":"Shaded","section":"Shading Mode"},"sceneLighting":true,"audioPlay":false,"sceneViewState":{"showFog":false,"showMaterialUpdate":false,"showSkybox":false,"showFlares":false,"showImageEffects":false,"showParticleSystems":false},"in2DMode":false,"pivot":{"x":15.567744255065918,"y":-11.927423477172852,"z":0.49923208355903628},"rotation":{"x":0.2804894745349884,"y":0.6802837252616882,"z":-0.3201143443584442,"w":0.5969393253326416},"size":16.752229690551759,"orthographic":false}