{"cameraMode":{"drawMode":0,"name":"Shaded","section":"Shading Mode"},"sceneLighting":false,"audioPlay":false,"sceneViewState":{"showFog":false,"showMaterialUpdate":false,"showSkybox":false,"showFlares":false,"showImageEffects":false,"showParticleSystems":false},"in2DMode":false,"pivot":{"x":2.2098991870880129,"y":0.9967172145843506,"z":-0.5195887088775635},"rotation":{"x":-0.17444846034049989,"y":-0.13635879755020142,"z":0.024109521880745889,"w":-0.9750592112541199},"size":3.5593645572662355,"orthographic":false}