{"cameraMode":{"drawMode":0,"name":"Shaded","section":"Shading Mode"},"sceneLighting":false,"audioPlay":false,"sceneViewState":{"showFog":false,"showMaterialUpdate":false,"showSkybox":false,"showFlares":false,"showImageEffects":false,"showParticleSystems":false},"in2DMode":false,"pivot":{"x":0.5608602166175842,"y":0.3541308045387268,"z":-0.568566083908081},"rotation":{"x":-0.11781886965036392,"y":0.5123488306999207,"z":-0.07102672010660172,"w":-0.8477692008018494},"size":0.32231733202934267,"orthographic":false}