{"cameraMode":{"drawMode":0,"name":"Shaded","section":"Shading Mode"},"sceneLighting":false,"audioPlay":false,"sceneViewState":{"showFog":false,"showMaterialUpdate":false,"showSkybox":false,"showFlares":false,"showImageEffects":false,"showParticleSystems":false},"in2DMode":false,"pivot":{"x":-2.2422218322753908,"y":4.121941089630127,"z":6.13192892074585},"rotation":{"x":0.03610684350132942,"y":0.7534902691841126,"z":-0.04212014377117157,"w":0.6552786231040955},"size":3.06746244430542,"orthographic":false}