{"cameraMode":{"drawMode":0,"name":"Shaded","section":"Shading Mode"},"sceneLighting":true,"audioPlay":false,"sceneViewState":{"showFog":false,"showMaterialUpdate":false,"showSkybox":false,"showFlares":false,"showImageEffects":false,"showParticleSystems":false},"in2DMode":false,"pivot":{"x":-1.3219413757324219,"y":0.10038340091705322,"z":9.586464881896973},"rotation":{"x":0.3108394742012024,"y":0.22275321185588838,"z":-0.07522238045930863,"w":0.9210206866264343},"size":11.228097915649414,"orthographic":false}