{"cameraMode":{"drawMode":0,"name":"Shaded","section":"Shading Mode"},"sceneLighting":false,"audioPlay":false,"sceneViewState":{"showFog":false,"showMaterialUpdate":false,"showSkybox":false,"showFlares":false,"showImageEffects":false,"showParticleSystems":false},"in2DMode":false,"pivot":{"x":-2.8928236961364748,"y":7.549440383911133,"z":9.260517120361329},"rotation":{"x":0.10563935339450836,"y":-0.46877720952033999,"z":0.056336406618356708,"w":0.8752592206001282},"size":3.896374225616455,"orthographic":false}