{"cameraMode":{"drawMode":0,"name":"Shaded","section":"Shading Mode"},"sceneLighting":true,"audioPlay":false,"sceneViewState":{"showFog":false,"showMaterialUpdate":false,"showSkybox":false,"showFlares":false,"showImageEffects":false,"showParticleSystems":false},"in2DMode":false,"pivot":{"x":-3.694201946258545,"y":-0.48421788215637209,"z":-0.1856135129928589},"rotation":{"x":0.051915548741817477,"y":-0.6001603603363037,"z":0.038349371403455737,"w":0.7974503040313721},"size":3.7246811389923097,"orthographic":false}