{"cameraMode":{"drawMode":0,"name":"Shaded","section":"Shading Mode"},"sceneLighting":true,"audioPlay":false,"sceneViewState":{"showFog":false,"showMaterialUpdate":false,"showSkybox":false,"showFlares":false,"showImageEffects":false,"showParticleSystems":false},"in2DMode":false,"pivot":{"x":-13.271336555480957,"y":19.889739990234376,"z":2.3109216690063478},"rotation":{"x":0.3434910476207733,"y":0.5928579568862915,"z":-0.30867594480514529,"w":0.6598311066627502},"size":1.4487557411193848,"orthographic":false}