{"cameraMode":{"drawMode":0,"name":"Shaded","section":"Shading Mode"},"sceneLighting":true,"audioPlay":false,"sceneViewState":{"showFog":true,"showMaterialUpdate":false,"showSkybox":false,"showFlares":false,"showImageEffects":false,"showParticleSystems":false},"in2DMode":false,"pivot":{"x":108.66865539550781,"y":5.446478843688965,"z":-24.49699592590332},"rotation":{"x":-0.21980604529380799,"y":0.44171369075775149,"z":-0.10863365232944489,"w":-0.8638691306114197},"size":1.7916473150253297,"orthographic":false}