{"cameraMode":{"drawMode":0,"name":"Shaded","section":"Shading Mode"},"sceneLighting":false,"audioPlay":false,"sceneViewState":{"showFog":false,"showMaterialUpdate":false,"showSkybox":false,"showFlares":false,"showImageEffects":false,"showParticleSystems":false},"in2DMode":false,"pivot":{"x":-0.0073462724685668949,"y":0.9085659980773926,"z":12.214821815490723},"rotation":{"x":0.03449324518442154,"y":0.00899575836956501,"z":-0.00033559559960849583,"w":0.9994251132011414},"size":2.1837241649627687,"orthographic":true}