{"cameraMode":{"drawMode":0,"name":"Shaded","section":"Shading Mode"},"sceneLighting":false,"audioPlay":false,"sceneViewState":{"showFog":false,"showMaterialUpdate":false,"showSkybox":false,"showFlares":false,"showImageEffects":false,"showParticleSystems":false},"in2DMode":false,"pivot":{"x":0.2102818489074707,"y":1.6477136611938477,"z":0.3511938750743866},"rotation":{"x":-0.001154496567323804,"y":-0.9961560368537903,"z":0.08688563108444214,"w":-0.01315375417470932},"size":1.3987797498703004,"orthographic":false}