{"cameraMode":{"drawMode":0,"name":"Shaded","section":"Shading Mode"},"sceneLighting":true,"audioPlay":false,"sceneViewState":{"showFog":false,"showMaterialUpdate":false,"showSkybox":false,"showFlares":false,"showImageEffects":false,"showParticleSystems":false},"in2DMode":false,"pivot":{"x":0.39726680517196658,"y":6.124639511108398,"z":-10.319931030273438},"rotation":{"x":0.016067907214164735,"y":-0.8797885179519653,"z":0.4742475748062134,"w":0.0297897607088089},"size":13.62479019165039,"orthographic":false}