{"cameraMode":{"drawMode":0,"name":"Shaded","section":"Shading Mode"},"sceneLighting":true,"audioPlay":false,"sceneViewState":{"showFog":false,"showMaterialUpdate":false,"showSkybox":false,"showFlares":false,"showImageEffects":false,"showParticleSystems":false},"in2DMode":false,"pivot":{"x":13.751847267150879,"y":-11.734050750732422,"z":12.823169708251954},"rotation":{"x":0.35775625705718996,"y":0.4791198968887329,"z":-0.22294515371322633,"w":0.7700788378715515},"size":16.752229690551759,"orthographic":false}