{"cameraMode":{"drawMode":0,"name":"Shaded","section":"Shading Mode"},"sceneLighting":false,"audioPlay":false,"sceneViewState":{"showFog":false,"showMaterialUpdate":false,"showSkybox":false,"showFlares":false,"showImageEffects":false,"showParticleSystems":false},"in2DMode":false,"pivot":{"x":-2.2295639514923097,"y":3.830109119415283,"z":7.261796474456787},"rotation":{"x":0.05718373879790306,"y":0.6882560849189758,"z":-0.05512119084596634,"w":0.7212560772895813},"size":3.06746244430542,"orthographic":false}